Title,Tag,URL
Why are US rightwingers so angry? Because they know social change is coming,commentisfree,https://www.theguardian.com/commentisfree/2021/dec/20/rightwingers-us-social-change-coming
The Audio Long Read  Ten ways to confront the climate crisis without losing hope – podcast,news,https://www.theguardian.com/news/audio/2021/dec/20/ten-ways-to-confront-the-climate-crisis-without-losing-hope-podcast
America witnessed a coup attempt. Now it’s sleep-walking into another disaster,commentisfree,https://www.theguardian.com/commentisfree/2021/dec/13/america-witnessed-a-coup-attempt-now-its-sleep-walking-into-another-disaster
The arguments about abortion in the US are about one thing: controlling women,commentisfree,https://www.theguardian.com/commentisfree/2021/dec/10/arguments-abortion-us-controlling-women-anti-abortionists-women-rights-over-bodies
This Giving Tuesday you can support the publication I’m proud to write for,commentisfree,https://www.theguardian.com/commentisfree/2021/nov/29/giving-tuesday-guardian-support-free-press
Does experiencing harm make you biased and untrustworthy? Some think so,commentisfree,https://www.theguardian.com/commentisfree/2021/nov/22/does-experiencing-harm-make-you-biased-and-untrustworthy-some-think-so
The long read  Ten ways to confront the climate crisis without losing hope,environment,https://www.theguardian.com/environment/2021/nov/18/ten-ways-confront-climate-crisis-without-losing-hope-rebecca-solnit-reconstruction-after-covid
We need to discuss the word ‘woke’,commentisfree,https://www.theguardian.com/commentisfree/2021/nov/09/woke-word-meaning-definition-progressive
Why do the media keep saying this election was a loss for Democrats? It wasn’t,commentisfree,https://www.theguardian.com/commentisfree/2021/nov/06/democrats-election-victory-loss-media-republicans
Our climate demands we change the world right now. The good news? We can,commentisfree,https://www.theguardian.com/commentisfree/2021/oct/30/our-climate-demands-we-change-the-world-right-now-the-good-news-we-can
"‘Every time you commit an antisocial act, push an acorn into the ground’: Rebecca Solnit on Orwell’s lessons from nature",books,https://www.theguardian.com/books/2021/oct/16/every-time-you-commit-an-antisocial-act-push-an-acorn-into-the-ground-rebecca-solnit-on-orwells-lessons-from-nature
Congress is on the cusp of passing the most pivotal bill in years – if we make them,commentisfree,https://www.theguardian.com/commentisfree/2021/sep/14/congress-is-on-the-cusp-of-passing-the-most-pivotal-bill-in-years-if-we-make-them
US politics live  Biden signs order on declassification of FBI’s 9/11 documents – as it happened,us-news,https://www.theguardian.com/us-news/live/2021/sep/03/joe-biden-louisiana-texas-abortion-afghanistan-covid-us-politics-latest
Republicans seethe with violence and lies. Texas is part of a bigger war they’re waging,commentisfree,https://www.theguardian.com/commentisfree/2021/sep/03/republicans-texas-abortion-right-democracy
Big oil coined ‘carbon footprints’ to blame us for their greed. Keep them on the hook,commentisfree,https://www.theguardian.com/commentisfree/2021/aug/23/big-oil-coined-carbon-footprints-to-blame-us-for-their-greed-keep-them-on-the-hook
The IPCC’s latest climate report is dire. But it also included some prospects for hope,commentisfree,https://www.theguardian.com/commentisfree/2021/aug/13/ipcc-latest-climate-report-hope
Republicans treated Covid like a bioweapon. Then it turned against them,commentisfree,https://www.theguardian.com/commentisfree/2021/aug/07/republicans-treated-covid-like-bioweapon-turned-against-them
"Our climate change turning point is right here, right now",commentisfree,https://www.theguardian.com/commentisfree/2021/jul/12/our-climate-change-turning-point-is-right-here-right-now
Stop glorifying ‘centrism’. It is an insidious bias favoring an unjust status quo,commentisfree,https://www.theguardian.com/commentisfree/2021/may/28/centrism-insidious-bias-unjust-status-quo
"If Mother’s Day brings out conflicted feelings in you, it’s OK. You’re not alone",commentisfree,https://www.theguardian.com/commentisfree/2021/may/09/mothers-day-feelings-holiday-rebecca-solnit
Dare we hope? Here’s my cautious case for climate optimism,commentisfree,https://www.theguardian.com/commentisfree/2021/may/01/climate-change-environment-hope-future-optimism-success
"There's another pandemic under our noses, and it kills 8.7m people a year",commentisfree,https://www.theguardian.com/commentisfree/2021/apr/02/coronavirus-pandemic-climate-crisis-air-pollution
Women are harmed every day by invisible men,commentisfree,https://www.theguardian.com/commentisfree/2021/mar/19/women-harmed-every-day-invisible-men
The Trump era wasn't all bad. We saw progress – thanks to social movements,commentisfree,https://www.theguardian.com/commentisfree/2021/jan/23/trump-era-progress-social-movements-protest
"Dear America: writer, thinkers and activists on how to build a better country",us-news,https://www.theguardian.com/us-news/2020/dec/21/dear-america-how-to-create-better-country-2021
The violence at the Capitol was an attempted coup. Call it that,commentisfree,https://www.theguardian.com/commentisfree/2021/jan/06/trump-mob-storm-capitol-washington-coup-attempt
"Republicans are standing up to Trump. Unfortunately, it's too little, too late",commentisfree,https://www.theguardian.com/commentisfree/2020/dec/04/republicans-are-standing-up-to-trump-unfortunately-its-too-little-too-late
Biden's victory is only the prelude. What happens now is up to us,us-news,https://www.theguardian.com/us-news/commentisfree/2020/nov/09/victory-is-only-the-prelude-what-happens-now-is-up-to-us
Trump's response to the pandemic has always been dishonest and cruel,commentisfree,https://www.theguardian.com/commentisfree/2020/oct/08/trump-coronavirus-pandemic-dishonest-cruel
"Climate change, Covid – our hearts ache. But a new era is possible. We can do it",commentisfree,https://www.theguardian.com/commentisfree/2020/sep/19/covid-climate-change-
"California's dark, orange sky is the most unnerving sight I've ever woken up to",commentisfree,https://www.theguardian.com/commentisfree/2020/sep/10/us-west-fire-season-california-oregon-climate-action
David Graeber pushed us to imagine greater human possibilities,commentisfree,https://www.theguardian.com/commentisfree/2020/sep/08/david-graeber-pushed-us-to-imagine-greater-human-possibilities
"Trans women pose no threat to cis women, but we pose a threat to them if we make them outcasts",commentisfree,https://www.theguardian.com/commentisfree/2020/aug/10/trans-rights-feminist-letter-rebecca-solnit
The Audio Long Read  'The way we get through this is together': the rise of mutual aid under coronavirus – podcast,world,https://www.theguardian.com/world/audio/2020/jun/05/rebecca-solnit-mutual-aid-coronavirus-podcast
"As the George Floyd protests continue, let's be clear where the violence is coming from",commentisfree,https://www.theguardian.com/commentisfree/2020/jun/01/george-floyd-riots-violence-damage-property-police-brutality
Coronavirus live  36 million Americans unemployed – as it happened,world,https://www.theguardian.com/world/live/2020/may/14/coronavirus-live-news-trump-surprised-by-faucis-reopening-warnings-as-who-says-covid-19-may-never-go
The long read  'The way we get through this is together': the rise of mutual aid under coronavirus,world,https://www.theguardian.com/world/2020/may/14/mutual-aid-coronavirus-pandemic-rebecca-solnit
The Audio Long Read  'The impossible has already happened': what coronavirus can teach us about hope – podcast,news,https://www.theguardian.com/news/audio/2020/apr/27/rebecca-solnit-impossible-has-already-happened-coronavirus-hope-podcast
"Coronavirus does discriminate, because that’s what humans do",commentisfree,https://www.theguardian.com/commentisfree/2020/apr/17/coronavirus-discriminate-humans-racism-sexism-inequality
The long read  'The impossible has already happened': what coronavirus can teach us about hope,world,https://www.theguardian.com/world/2020/apr/07/what-coronavirus-can-teach-us-about-hope-rebecca-solnit
Rebecca Solnit: ‘Younger feminists have shifted my understanding’,world,https://www.theguardian.com/world/2020/feb/29/rebecca-solnit-younger-feminists-shift-understanding-give-new-tools
My dream candidate exists – and her name is Elizabeth Warren,commentisfree,https://www.theguardian.com/commentisfree/2019/dec/31/2020-dream-candidate-elizabeth-warren-democrats
"The 2010s: what just happened?  


  How a decade of disillusion gave way to people power",commentisfree,https://www.theguardian.com/commentisfree/2019/dec/29/decade-disillusionment-global-protests
The old made our climate mess. And the young will get us out of it,commentisfree,https://www.theguardian.com/commentisfree/2019/dec/11/climate-crisis-old-v-young-earth-mess
Rebecca Solnit: Why I'm supporting the Guardian this Giving Tuesday,commentisfree,https://www.theguardian.com/commentisfree/2019/dec/03/rebecca-solnit-why-im-supporting-the-guardian-this-giving-tuesday
Ordinary life has vanished in fire-ravaged California,commentisfree,https://www.theguardian.com/commentisfree/2019/oct/31/california-wildfires-pg-e-power
Trump's anti-immigrant rhetoric shows the danger of misplaced empathy,global,https://www.theguardian.com/global/commentisfree/2019/oct/25/donald-trump-elizabeth-warren-misplaced-empathy
"The polluters  In its insatiable pursuit of power, Silicon Valley is fuelling the climate crisis",commentisfree,https://www.theguardian.com/commentisfree/2019/oct/10/power-silicon-valley-climate-crisis-big-tech-profitable
President Trump is at war with the rule of law. This won't end well,commentisfree,https://www.theguardian.com/commentisfree/2019/oct/09/trump-government-executive-branch-rebecca-solnit
"Welcome to the US, Greta. With your help we can save the planet and ourselves",global,https://www.theguardian.com/global/commentisfree/2019/aug/29/us-greta-thunberg-climate
Our forever war: how the white male hegemony uses violence to cling to power,commentisfree,https://www.theguardian.com/commentisfree/2019/aug/08/forever-war-white-male-hegemony-mass-shootings
Lies pave the way for anti-abortion laws. To defeat the laws we must fight the lies,commentisfree,https://www.theguardian.com/commentisfree/2019/jun/03/lies-anti-abortion-laws-rebecca-solnit
Rebecca Solnit: 'Every protest shifts the world's balance',books,https://www.theguardian.com/books/2019/jun/01/rebecca-solnit-protest-politics-world-peterloo-massacre
Why climate action is the antithesis of white supremacy,commentisfree,https://www.theguardian.com/commentisfree/2019/mar/19/why-youll-never-meet-a-white-supremacist-who-cares-about-climate-change
"Thank you, climate strikers. Your action matters and your power will be felt",commentisfree,https://www.theguardian.com/commentisfree/2019/mar/15/climate-strikers-letter-thank-you
Forget Trump's border distraction – the real threat is inside the house,commentisfree,https://www.theguardian.com/commentisfree/2019/feb/01/forget-trumps-border-distraction-the-real-threat-is-inside-the-house
Standing Rock inspired Ocasio-Cortez to run. That's the power of protest,commentisfree,https://www.theguardian.com/commentisfree/2019/jan/14/standing-rock-ocasio-cortez-protest-climate-activism
"Across America, racist and sexist monuments give way to a new future",commentisfree,https://www.theguardian.com/commentisfree/2019/jan/02/racist-sexist-confederate-monuments-new-future
"First they came for the journalists: why a free, independent press is critical in 2019",media,https://www.theguardian.com/media/2018/dec/20/why-free-independent-press-critical-2019
Trump's countless scams are finally catching up to him,commentisfree,https://www.theguardian.com/commentisfree/2018/dec/04/donald-trump-russia-robert-mueller-legal-trouble
"US voter suppression  


  How many husbands control the votes of their wives? We'll never know",commentisfree,https://www.theguardian.com/commentisfree/2018/nov/19/voter-intimidation-republicans-democrats-midterm-elections
The American civil war didn't end. And Trump is a Confederate president,commentisfree,https://www.theguardian.com/commentisfree/2018/nov/04/the-american-civil-war-didnt-end-and-trump-is-a-confederate-president
Don't despair: the climate fight is only over if you think it is,commentisfree,https://www.theguardian.com/commentisfree/2018/oct/14/climate-change-taking-action-rebecca-solnit
Brett Kavanaugh's many lies should disqualify him from holding any office,commentisfree,https://www.theguardian.com/commentisfree/2018/oct/05/brett-kavanaugh-lies-supreme-court-disqualify-any-office
Dear Christine Blasey Ford: you are a welcome earthquake,commentisfree,https://www.theguardian.com/commentisfree/2018/oct/01/christine-blasey-ford-testimony-sexual-assault-kavanaugh
The Kavanaugh and Ford hearings are a moment of truth for #MeToo,commentisfree,https://www.theguardian.com/commentisfree/2018/sep/27/me-too-kavanaugh-ford-lessons
The Brett Kavanaugh case shows we still blame women for the sins of men,commentisfree,https://www.theguardian.com/commentisfree/2018/sep/21/brett-kavanaugh-blame-women-anita-hill-cosby-weinstein
John McCain was complex. His legacy warrants critical discussion,commentisfree,https://www.theguardian.com/commentisfree/2018/sep/01/john-mccain-was-complex-his-legacy-warrants-critical-discussion
The Trump era won't last for ever. But we must do our part to end it,commentisfree,https://www.theguardian.com/commentisfree/2018/jul/13/trump-era-hope-activism-organise-protest
"Ideas for America  


  A broken idea of sex is flourishing. Blame capitalism",commentisfree,https://www.theguardian.com/commentisfree/2018/may/12/sex-capitalism-incel-movement-misogyny-feminism
Feminists have slowly shifted power. There’s no going back,commentisfree,https://www.theguardian.com/commentisfree/2018/mar/08/feminists-power-metoo-timesup-rebecca-solnit
Don't let the alt-right hijack #MeToo for their agenda,commentisfree,https://www.theguardian.com/commentisfree/2017/dec/10/dont-let-alt-right-coopt-metoo-agenda
The 11 biggest victories against Trump by the resistance,commentisfree,https://www.theguardian.com/commentisfree/2017/dec/02/biggest-victories-trump-resistance
"One year of Trump  


  One year on, Donald Trump is still an illegitimate president",commentisfree,https://www.theguardian.com/commentisfree/2017/nov/08/donald-trump-illegitimate-president-rebecca-solnit
The fall of Harvey Weinstein should be a moment to challenge extreme masculinity,commentisfree,https://www.theguardian.com/commentisfree/2017/oct/12/challenge-extreme-masculinity-harvey-weinstein-degrading-women
Rebecca Solnit: if I were a man,lifeandstyle,https://www.theguardian.com/lifeandstyle/2017/aug/26/rebecca-solnit-if-i-were-a-man
Victories against Trump are mounting. Here's how we deal the final blow,commentisfree,https://www.theguardian.com/commentisfree/2017/jun/18/resistance-victories-trump-mounting-final-blow
The Audio Long Read  Protest and persist: why giving up hope is not an option – podcast,news,https://www.theguardian.com/news/audio/2017/mar/31/protest-and-persist-why-giving-up-hope-is-not-an-option-podcast
The long read  Protest and persist: why giving up hope is not an option,world,https://www.theguardian.com/world/2017/mar/13/protest-persist-hope-trump-activism-anti-nuclear-movement
Silence and powerlessness go hand in hand – women’s voices must be heard,commentisfree,https://www.theguardian.com/commentisfree/2017/mar/08/silence-powerlessness-womens-voices-rebecca-solnit
Trump's first week was a crusade against everything. But we returned the favor,us-news,https://www.theguardian.com/us-news/2017/jan/27/donald-trump-first-week-in-office-resistance
"We could’ve avoided President Donald Trump. Now, we must learn the lessons",commentisfree,https://www.theguardian.com/commentisfree/2017/jan/20/president-trump-learn-lessons-republican
"Reasons to be hopeful  


  Another, more beautiful America is rising. Trump will be resisted",commentisfree,https://www.theguardian.com/commentisfree/2016/dec/29/america-trump-californian-senate
Fight for a free and independent press – it's crucial to a democratic society,membership,https://www.theguardian.com/membership/2016/dec/21/press-freedom-guardian-membership
Jill Stein: US election recount is vital to reform our broken voting system,us-news,https://www.theguardian.com/us-news/2016/dec/08/jill-stein-interview-us-election-recount-rebecca-solnit
The light from Standing Rock: beautiful struggle shows the power of protest,us-news,https://www.theguardian.com/us-news/2016/dec/06/standing-rock-protest-success-demonstrations
The US election recount is a long shot – but the alternative is catastrophe,us-news,https://www.theguardian.com/us-news/2016/nov/29/us-election-recount-trump-hacking
Don't call Clinton a weak candidate: it took decades of scheming to beat her,us-news,https://www.theguardian.com/us-news/2016/nov/14/hillary-clinton-defeat-republicans-trump-comey
"Whether Trump or Clinton wins the US election, what follows is up to us",commentisfree,https://www.theguardian.com/commentisfree/2016/nov/07/what-happens-after-clinton-trump-win-election-progressive
Standing Rock protests: this is only the beginning,us-news,https://www.theguardian.com/us-news/2016/sep/12/north-dakota-standing-rock-protests-civil-rights
‘Hope is a​n embrace of the unknown​’: Rebecca Solnit on living in dark times,books,https://www.theguardian.com/books/2016/jul/15/rebecca-solnit-hope-in-the-dark-new-essay-embrace-unknown
Our gun debate is topsy-turvy. Like quitting donuts to stop lung cancer,commentisfree,https://www.theguardian.com/commentisfree/2016/jun/26/gun-debate-america-violence
Why America needs a national rape monument for its countless victims,commentisfree,https://www.theguardian.com/commentisfree/2016/jun/08/america-needs-national-monument-honor-rape-survivors-stanford-case
"Gentrification's toll: 'It's you or the bottom line and sorry, it's not you'",cities,https://www.theguardian.com/cities/2016/may/03/gentrification-climate-change-sierra-club-san-francisco
We don't need self-driving cars – we need to ditch our vehicles entirely,commentisfree,https://www.theguardian.com/commentisfree/2016/apr/06/self-driving-cars-public-transportation
The Audio Long Read  Death by gentrification: the killing that shamed San Francisco,news,https://www.theguardian.com/news/audio/2016/apr/04/death-by-gentrification-the-killing-that-shamed-san-francisco
The long read  Death by gentrification: the killing that shamed San Francisco,us-news,https://www.theguardian.com/us-news/2016/mar/21/death-by-gentrification-the-killing-that-shamed-san-francisco
"Rebecca Solnit column  


  Oil fuels war and terrorists like Isis. The climate movement can bring peace",commentisfree,https://www.theguardian.com/commentisfree/2015/dec/08/oil-fuels-war-terrorists-isis-climate-movement-peace-cop-21
The long read  The battle to protect Alaska’s great wildlife sanctuary,news,https://www.theguardian.com/news/2015/aug/27/alaska-wildlife-sanctuary-obama-arctic-oil-drilling
"Rebecca Solnit column  


  If rape jokes are finally funny it's because they're targeting rape culture",commentisfree,https://www.theguardian.com/commentisfree/2015/aug/10/jokes-finally-funny-because-culture-at-the-butt-of-them
"One year after the Isla Vista massacre, a father's gun control mission is personal",world,https://www.theguardian.com/world/2015/may/23/one-year-isla-vista-massacre-victim-father-gun-control
"Rebecca Solnit column  


  One magical politician won't stop climate change. It's up to all of us",commentisfree,https://www.theguardian.com/commentisfree/2015/may/15/one-magical-politician-wont-stop-climate-change-its-up-us
"The long read  Listen up, women are telling their story now",news,https://www.theguardian.com/news/2014/dec/30/-sp-rebecca-solnit-listen-up-women-are-telling-their-story-now
"Rebecca Solnit column  


  Let's leave behind the age of fossil fuel. Welcome to Year One of the climate revolution",commentisfree,https://www.theguardian.com/commentisfree/2014/dec/23/age-of-fossil-fuel-year-one-climate-revolution
"Rebecca Solnit column  


  The silence on climate change is deafening. It's time for us to get loud",commentisfree,https://www.theguardian.com/commentisfree/2014/sep/17/silence-climate-change-peoples-march
"Rebecca Solnit column  


  Call climate change what it is: violence",commentisfree,https://www.theguardian.com/commentisfree/2014/apr/07/climate-change-violence-occupy-earth
"Guardian Comment Network  


  Words are the greatest weapon for political activists",commentisfree,https://www.theguardian.com/commentisfree/2012/oct/29/words-greatest-weapon-political-activists
"Guardian Comment Network  


  We could be heroes: an election-year letter",commentisfree,https://www.theguardian.com/commentisfree/2012/oct/15/letter-dismal-allies-us-left
"Guardian Comment Network  


  An apology to Mexico for bearing the burden of America's drug habit",commentisfree,https://www.theguardian.com/commentisfree/2012/jul/10/apology-mexico-burden-america-drug-habit
Eadweard Muybridge: Feet off the ground,artanddesign,https://www.theguardian.com/artanddesign/2010/sep/04/eadweard-muybridge-exhibition-rebecca-solnit
"Cif belief  


  Today's fanatic, tomorrow's saint",commentisfree,https://www.theguardian.com/commentisfree/belief/2009/nov/30/activism-fanaticism-slavery-brown
"Four years on, Katrina remains cursed by rumour, cliche, lies and racism",commentisfree,https://www.theguardian.com/commentisfree/2009/aug/26/katrina-racism-us-media
The growth of local power is a bright spot in seven bleak years of Bush,commentisfree,https://www.theguardian.com/commentisfree/2007/dec/28/usa.world
The Lower Ninth is rising from Katrina's awful ashes,commentisfree,https://www.theguardian.com/commentisfree/2007/aug/29/comment.hurricanekatrina
Was I a good American in the time of George Bush?,commentisfree,https://www.theguardian.com/commentisfree/2007/mar/14/comment.usa
"Democracy should be exercised regularly, on foot",commentisfree,https://www.theguardian.com/commentisfree/2006/jul/06/comment.politics
